<?xml version='1.0' encoding='utf-8'?>

<!DOCTYPE hibernate-configuration PUBLIC "-//Hibernate/Hibernate Configuration DTD//EN" "http://www.hibernate.org/dtd/hibernate-configuration-3.0.dtd">
<hibernate-configuration>
  <session-factory>
    <property name="connection.url">jdbc:derby://localhost:1527/FinalDB</property>
    <property name="connection.driver_class">org.apache.derby.jdbc.ClientDriver</property>
    <property name="connection.username">guest</property>
    <property name="connection.password">password</property>
    <!-- property name="hbm2ddl.auto">update</property -->
    <mapping class="ru.lanit.persist.User"/>
    <mapping class="ru.lanit.persist.Doctor"/>
    <mapping class="ru.lanit.persist.Rx"/>
  </session-factory>
</hibernate-configuration>
